level,chapter,chapter_title,category,unit,status,recycle_route
A2,1,Memories & Life Events,Active Core,memory,planned,"2, 3, 5, 8, 11, 12."
A2,1,Memories & Life Events,Active Core,event,planned,"2, 3, 5, 8, 11, 12."
A2,1,Memories & Life Events,Active Core,result,planned,"2, 3, 5, 8, 11, 12."
A2,1,Memories & Life Events,Active Core,experience,planned,"2, 3, 5, 8, 11, 12."
A2,1,Memories & Life Events,Active Core,decision,planned,"2, 3, 5, 8, 11, 12."
A2,1,Memories & Life Events,Active Core,opportunity,planned,"2, 3, 5, 8, 11, 12."
A2,1,Memories & Life Events,Active Core,change,planned,"2, 3, 5, 8, 11, 12."
A2,1,Memories & Life Events,Topic Vocabulary,move house,planned,"2, 3, 5, 8, 11, 12."
A2,1,Memories & Life Events,Topic Vocabulary,pack,planned,"2, 3, 5, 8, 11, 12."
A2,1,Memories & Life Events,Topic Vocabulary,unpack,planned,"2, 3, 5, 8, 11, 12."
A2,1,Memories & Life Events,Topic Vocabulary,neighbourhood,planned,"2, 3, 5, 8, 11, 12."
A2,1,Memories & Life Events,Topic Vocabulary,settle in,planned,"2, 3, 5, 8, 11, 12."
A2,1,Memories & Life Events,Topic Vocabulary,recognise,planned,"2, 3, 5, 8, 11, 12."
A2,1,Memories & Life Events,Topic Vocabulary,classmate,planned,"2, 3, 5, 8, 11, 12."
A2,1,Memories & Life Events,Topic Vocabulary,uniform,planned,"2, 3, 5, 8, 11, 12."
A2,1,Memories & Life Events,Topic Vocabulary,school fair,planned,"2, 3, 5, 8, 11, 12."
A2,1,Memories & Life Events,Topic Vocabulary,apply for,planned,"2, 3, 5, 8, 11, 12."
A2,1,Memories & Life Events,Topic Vocabulary,interview,planned,"2, 3, 5, 8, 11, 12."
A2,1,Memories & Life Events,Topic Vocabulary,responsibility,planned,"2, 3, 5, 8, 11, 12."
A2,1,Memories & Life Events,Topic Vocabulary,application form,planned,"2, 3, 5, 8, 11, 12."
A2,1,Memories & Life Events,Topic Vocabulary,power cut,planned,"2, 3, 5, 8, 11, 12."
A2,1,Memories & Life Events,Topic Vocabulary,electricity,planned,"2, 3, 5, 8, 11, 12."
A2,1,Memories & Life Events,Topic Vocabulary,torch,planned,"2, 3, 5, 8, 11, 12."
A2,1,Memories & Life Events,Topic Vocabulary,fuse box,planned,"2, 3, 5, 8, 11, 12."
A2,1,Memories & Life Events,Topic Vocabulary,turning point,planned,"2, 3, 5, 8, 11, 12."
A2,1,Memories & Life Events,Topic Vocabulary,take a chance,planned,"2, 3, 5, 8, 11, 12."
A2,1,Memories & Life Events,Topic Vocabulary,look back,planned,"2, 3, 5, 8, 11, 12."
A2,1,Memories & Life Events,Topic Vocabulary,regret,planned,"2, 3, 5, 8, 11, 12."
A2,1,Memories & Life Events,Recognition,removal van,planned,"2, 3, 5, 8, 11, 12."
A2,1,Memories & Life Events,Recognition,unfamiliar,planned,"2, 3, 5, 8, 11, 12."
A2,1,Memories & Life Events,Recognition,embarrassed,planned,"2, 3, 5, 8, 11, 12."
A2,1,Memories & Life Events,Recognition,confident,planned,"2, 3, 5, 8, 11, 12."
A2,1,Memories & Life Events,Recognition,corridor,planned,"2, 3, 5, 8, 11, 12."
A2,1,Memories & Life Events,Recognition,ordinary,planned,"2, 3, 5, 8, 11, 12."
A2,2,Travel Logistics,Active Core,delay,planned,"3, 7, 9, 10, 11, 12."
A2,2,Travel Logistics,Active Core,cancellation,planned,"3, 7, 9, 10, 11, 12."
A2,2,Travel Logistics,Active Core,connection,planned,"3, 7, 9, 10, 11, 12."
A2,2,Travel Logistics,Active Core,destination,planned,"3, 7, 9, 10, 11, 12."
A2,2,Travel Logistics,Active Core,transfer,planned,"3, 7, 9, 10, 11, 12."
A2,2,Travel Logistics,Active Core,reserve,planned,"3, 7, 9, 10, 11, 12."
A2,2,Travel Logistics,Active Core,confirm,planned,"3, 7, 9, 10, 11, 12."
A2,2,Travel Logistics,Active Core,confirmation,planned,"3, 7, 9, 10, 11, 12."
A2,2,Travel Logistics,Active Core,available,planned,"3, 7, 9, 10, 11, 12."
A2,2,Travel Logistics,Active Core,direct route,planned,"3, 7, 9, 10, 11, 12."
A2,2,Travel Logistics,Active Core,travel plan,planned,"3, 7, 9, 10, 11, 12."
A2,2,Travel Logistics,Active Core,change a booking,planned,"3, 7, 9, 10, 11, 12."
A2,2,Travel Logistics,Active Core,miss a connection,planned,"3, 7, 9, 10, 11, 12."
A2,2,Travel Logistics,Active Core,arrive on time,planned,"3, 7, 9, 10, 11, 12."
A2,2,Travel Logistics,Active Core,leave on time,planned,"3, 7, 9, 10, 11, 12."
A2,2,Travel Logistics,Active Core,travel alone,planned,"3, 7, 9, 10, 11, 12."
A2,2,Travel Logistics,Active Core,travel together,planned,"3, 7, 9, 10, 11, 12."
A2,2,Travel Logistics,Topic Vocabulary,booking reference,planned,"3, 7, 9, 10, 11, 12."
A2,2,Travel Logistics,Topic Vocabulary,single ticket,planned,"3, 7, 9, 10, 11, 12."
A2,2,Travel Logistics,Topic Vocabulary,return ticket,planned,"3, 7, 9, 10, 11, 12."
A2,2,Travel Logistics,Topic Vocabulary,boarding pass,planned,"3, 7, 9, 10, 11, 12."
A2,2,Travel Logistics,Topic Vocabulary,departure gate,planned,"3, 7, 9, 10, 11, 12."
A2,2,Travel Logistics,Topic Vocabulary,luggage allowance,planned,"3, 7, 9, 10, 11, 12."
A2,2,Travel Logistics,Topic Vocabulary,hand luggage,planned,"3, 7, 9, 10, 11, 12."
A2,2,Travel Logistics,Topic Vocabulary,overweight,planned,"3, 7, 9, 10, 11, 12."
A2,2,Travel Logistics,Topic Vocabulary,travel insurance,planned,"3, 7, 9, 10, 11, 12."
A2,2,Travel Logistics,Topic Vocabulary,check-out time,planned,"3, 7, 9, 10, 11, 12."
A2,2,Travel Logistics,Topic Vocabulary,twin room,planned,"3, 7, 9, 10, 11, 12."
A2,2,Travel Logistics,Topic Vocabulary,double room,planned,"3, 7, 9, 10, 11, 12."
A2,2,Travel Logistics,Topic Vocabulary,hostel,planned,"3, 7, 9, 10, 11, 12."
A2,2,Travel Logistics,Topic Vocabulary,customs,planned,"3, 7, 9, 10, 11, 12."
A2,2,Travel Logistics,Topic Vocabulary,passport control,planned,"3, 7, 9, 10, 11, 12."
A2,2,Travel Logistics,Topic Vocabulary,information desk,planned,"3, 7, 9, 10, 11, 12."
A2,2,Travel Logistics,Topic Vocabulary,replacement bus,planned,"3, 7, 9, 10, 11, 12."
A2,2,Travel Logistics,Topic Vocabulary,platform change,planned,"3, 7, 9, 10, 11, 12."
A2,2,Travel Logistics,Recognition,terminal,planned,"3, 7, 9, 10, 11, 12."
A2,2,Travel Logistics,Recognition,shuttle,planned,"3, 7, 9, 10, 11, 12."
A2,2,Travel Logistics,Recognition,accommodation,planned,"3, 7, 9, 10, 11, 12."
A2,2,Travel Logistics,Recognition,fully booked,planned,"3, 7, 9, 10, 11, 12."
A2,2,Travel Logistics,Recognition,non-refundable,planned,"3, 7, 9, 10, 11, 12."
A2,2,Travel Logistics,Recognition,aisle seat,planned,"3, 7, 9, 10, 11, 12."
A2,3,"Work, Duties & Schedules",Active Core,duty,planned,"4, 5, 7, 8, 10, 11, 12."
A2,3,"Work, Duties & Schedules",Active Core,task,planned,"4, 5, 7, 8, 10, 11, 12."
A2,3,"Work, Duties & Schedules",Active Core,be responsible for,planned,"4, 5, 7, 8, 10, 11, 12."
A2,3,"Work, Duties & Schedules",Active Core,be in charge of,planned,"4, 5, 7, 8, 10, 11, 12."
A2,3,"Work, Duties & Schedules",Active Core,deadline,planned,"4, 5, 7, 8, 10, 11, 12."
A2,3,"Work, Duties & Schedules",Active Core,on time,planned,"4, 5, 7, 8, 10, 11, 12."
A2,3,"Work, Duties & Schedules",Active Core,overtime,planned,"4, 5, 7, 8, 10, 11, 12."
A2,3,"Work, Duties & Schedules",Active Core,part-time,planned,"4, 5, 7, 8, 10, 11, 12."
A2,3,"Work, Duties & Schedules",Active Core,full-time,planned,"4, 5, 7, 8, 10, 11, 12."
A2,3,"Work, Duties & Schedules",Active Core,colleague,planned,"4, 5, 7, 8, 10, 11, 12."
A2,3,"Work, Duties & Schedules",Active Core,supervisor,planned,"4, 5, 7, 8, 10, 11, 12."
A2,3,"Work, Duties & Schedules",Active Core,staff,planned,"4, 5, 7, 8, 10, 11, 12."
A2,3,"Work, Duties & Schedules",Active Core,customer service,planned,"4, 5, 7, 8, 10, 11, 12."
A2,3,"Work, Duties & Schedules",Active Core,delivery,planned,"4, 5, 7, 8, 10, 11, 12."
A2,3,"Work, Duties & Schedules",Active Core,deliver,planned,"4, 5, 7, 8, 10, 11, 12."
A2,3,"Work, Duties & Schedules",Active Core,order form,planned,"4, 5, 7, 8, 10, 11, 12."
A2,3,"Work, Duties & Schedules",Active Core,stock,planned,"4, 5, 7, 8, 10, 11, 12."
A2,3,"Work, Duties & Schedules",Active Core,run out of,planned,"4, 5, 7, 8, 10, 11, 12."
A2,3,"Work, Duties & Schedules",Active Core,follow a rule,planned,"4, 5, 7, 8, 10, 11, 12."
A2,3,"Work, Duties & Schedules",Active Core,report a problem,planned,"4, 5, 7, 8, 10, 11, 12."
A2,3,"Work, Duties & Schedules",Topic Vocabulary,work experience,planned,"4, 5, 7, 8, 10, 11, 12."
A2,3,"Work, Duties & Schedules",Topic Vocabulary,training day,planned,"4, 5, 7, 8, 10, 11, 12."
A2,3,"Work, Duties & Schedules",Topic Vocabulary,staff room,planned,"4, 5, 7, 8, 10, 11, 12."
A2,3,"Work, Duties & Schedules",Topic Vocabulary,reception desk,planned,"4, 5, 7, 8, 10, 11, 12."
A2,3,"Work, Duties & Schedules",Topic Vocabulary,warehouse,planned,"4, 5, 7, 8, 10, 11, 12."
A2,3,"Work, Duties & Schedules",Topic Vocabulary,delivery note,planned,"4, 5, 7, 8, 10, 11, 12."
A2,3,"Work, Duties & Schedules",Topic Vocabulary,shift change,planned,"4, 5, 7, 8, 10, 11, 12."
A2,3,"Work, Duties & Schedules",Topic Vocabulary,weekly rota,planned,"4, 5, 7, 8, 10, 11, 12."
A2,3,"Work, Duties & Schedules",Topic Vocabulary,name badge,planned,"4, 5, 7, 8, 10, 11, 12."
A2,3,"Work, Duties & Schedules",Topic Vocabulary,safety rule,planned,"4, 5, 7, 8, 10, 11, 12."
A2,3,"Work, Duties & Schedules",Topic Vocabulary,closing time,planned,"4, 5, 7, 8, 10, 11, 12."
A2,3,"Work, Duties & Schedules",Topic Vocabulary,opening time,planned,"4, 5, 7, 8, 10, 11, 12."
A2,3,"Work, Duties & Schedules",Topic Vocabulary,cover a shift,planned,"4, 5, 7, 8, 10, 11, 12."
A2,3,"Work, Duties & Schedules",Topic Vocabulary,take a break,planned,"4, 5, 7, 8, 10, 11, 12."
A2,3,"Work, Duties & Schedules",Topic Vocabulary,answer the phone,planned,"4, 5, 7, 8, 10, 11, 12."
A2,3,"Work, Duties & Schedules",Topic Vocabulary,serve a customer,planned,"4, 5, 7, 8, 10, 11, 12."
A2,3,"Work, Duties & Schedules",Topic Vocabulary,check the stock,planned,"4, 5, 7, 8, 10, 11, 12."
A2,3,"Work, Duties & Schedules",Recognition,probation,planned,"4, 5, 7, 8, 10, 11, 12."
A2,3,"Work, Duties & Schedules",Recognition,supplier,planned,"4, 5, 7, 8, 10, 11, 12."
A2,3,"Work, Duties & Schedules",Recognition,inventory,planned,"4, 5, 7, 8, 10, 11, 12."
A2,3,"Work, Duties & Schedules",Recognition,professional,planned,"4, 5, 7, 8, 10, 11, 12."
A2,3,"Work, Duties & Schedules",Recognition,urgent,planned,"4, 5, 7, 8, 10, 11, 12."
A2,4,Learning & New Skills,Active Core,skill,planned,"5, 6, 8, 10, 11, 12."
A2,4,Learning & New Skills,Active Core,ability,planned,"5, 6, 8, 10, 11, 12."
A2,4,Learning & New Skills,Active Core,beginner,planned,"5, 6, 8, 10, 11, 12."
A2,4,Learning & New Skills,Active Core,instruction,planned,"5, 6, 8, 10, 11, 12."
A2,4,Learning & New Skills,Active Core,explanation,planned,"5, 6, 8, 10, 11, 12."
A2,4,Learning & New Skills,Active Core,demonstrate,planned,"5, 6, 8, 10, 11, 12."
A2,4,Learning & New Skills,Active Core,progress,planned,"5, 6, 8, 10, 11, 12."
A2,4,Learning & New Skills,Active Core,correct a mistake,planned,"5, 6, 8, 10, 11, 12."
A2,4,Learning & New Skills,Active Core,feedback,planned,"5, 6, 8, 10, 11, 12."
A2,4,Learning & New Skills,Active Core,method,planned,"5, 6, 8, 10, 11, 12."
A2,4,Learning & New Skills,Active Core,step by step,planned,"5, 6, 8, 10, 11, 12."
A2,4,Learning & New Skills,Active Core,concentrate,planned,"5, 6, 8, 10, 11, 12."
A2,4,Learning & New Skills,Active Core,succeed,planned,"5, 6, 8, 10, 11, 12."
A2,4,Learning & New Skills,Active Core,fail,planned,"5, 6, 8, 10, 11, 12."
A2,4,Learning & New Skills,Active Core,attempt,planned,"5, 6, 8, 10, 11, 12."
A2,4,Learning & New Skills,Active Core,practise regularly,planned,"5, 6, 8, 10, 11, 12."
A2,4,Learning & New Skills,Active Core,learn from,planned,"5, 6, 8, 10, 11, 12."
A2,4,Learning & New Skills,Active Core,get better at,planned,"5, 6, 8, 10, 11, 12."
A2,4,Learning & New Skills,Topic Vocabulary,driving lesson,planned,"5, 6, 8, 10, 11, 12."
A2,4,Learning & New Skills,Topic Vocabulary,driving test,planned,"5, 6, 8, 10, 11, 12."
A2,4,Learning & New Skills,Topic Vocabulary,recipe,planned,"5, 6, 8, 10, 11, 12."
A2,4,Learning & New Skills,Topic Vocabulary,measurement,planned,"5, 6, 8, 10, 11, 12."
A2,4,Learning & New Skills,Topic Vocabulary,presentation slide,planned,"5, 6, 8, 10, 11, 12."
A2,4,Learning & New Skills,Topic Vocabulary,language exchange,planned,"5, 6, 8, 10, 11, 12."
A2,4,Learning & New Skills,Topic Vocabulary,pronunciation,planned,"5, 6, 8, 10, 11, 12."
A2,4,Learning & New Skills,Topic Vocabulary,spelling rule,planned,"5, 6, 8, 10, 11, 12."
A2,4,Learning & New Skills,Topic Vocabulary,exercise sheet,planned,"5, 6, 8, 10, 11, 12."
A2,4,Learning & New Skills,Topic Vocabulary,training video,planned,"5, 6, 8, 10, 11, 12."
A2,4,Learning & New Skills,Topic Vocabulary,practical test,planned,"5, 6, 8, 10, 11, 12."
A2,4,Learning & New Skills,Topic Vocabulary,study plan,planned,"5, 6, 8, 10, 11, 12."
A2,4,Learning & New Skills,Topic Vocabulary,learning goal,planned,"5, 6, 8, 10, 11, 12."
A2,4,Learning & New Skills,Topic Vocabulary,take notes,planned,"5, 6, 8, 10, 11, 12."
A2,4,Learning & New Skills,Topic Vocabulary,ask for feedback,planned,"5, 6, 8, 10, 11, 12."
A2,4,Learning & New Skills,Topic Vocabulary,try again,planned,"5, 6, 8, 10, 11, 12."
A2,4,Learning & New Skills,Recognition,advanced,planned,"5, 6, 8, 10, 11, 12."
A2,4,Learning & New Skills,Recognition,patient instructor,planned,"5, 6, 8, 10, 11, 12."
A2,4,Learning & New Skills,Recognition,technique,planned,"5, 6, 8, 10, 11, 12."
A2,4,Learning & New Skills,Recognition,theory,planned,"5, 6, 8, 10, 11, 12."
A2,4,Learning & New Skills,Recognition,achievement,planned,"5, 6, 8, 10, 11, 12."
A2,5,"Friends, Feelings & Support",Active Core,relationship,planned,"6, 7, 8, 10, 11, 12."
A2,5,"Friends, Feelings & Support",Active Core,trust,planned,"6, 7, 8, 10, 11, 12."
A2,5,"Friends, Feelings & Support",Active Core,respect,planned,"6, 7, 8, 10, 11, 12."
A2,5,"Friends, Feelings & Support",Active Core,support,planned,"6, 7, 8, 10, 11, 12."
A2,5,"Friends, Feelings & Support",Active Core,encourage,planned,"6, 7, 8, 10, 11, 12."
A2,5,"Friends, Feelings & Support",Active Core,argument,planned,"6, 7, 8, 10, 11, 12."
A2,5,"Friends, Feelings & Support",Active Core,disagree,planned,"6, 7, 8, 10, 11, 12."
A2,5,"Friends, Feelings & Support",Active Core,agreement,planned,"6, 7, 8, 10, 11, 12."
A2,5,"Friends, Feelings & Support",Active Core,misunderstanding,planned,"6, 7, 8, 10, 11, 12."
A2,5,"Friends, Feelings & Support",Active Core,explain yourself,planned,"6, 7, 8, 10, 11, 12."
A2,5,"Friends, Feelings & Support",Active Core,tell the truth,planned,"6, 7, 8, 10, 11, 12."
A2,5,"Friends, Feelings & Support",Active Core,keep a secret,planned,"6, 7, 8, 10, 11, 12."
A2,5,"Friends, Feelings & Support",Active Core,calm down,planned,"6, 7, 8, 10, 11, 12."
A2,5,"Friends, Feelings & Support",Active Core,cheer up,planned,"6, 7, 8, 10, 11, 12."
A2,5,"Friends, Feelings & Support",Active Core,get along with,planned,"6, 7, 8, 10, 11, 12."
A2,5,"Friends, Feelings & Support",Active Core,be there for,planned,"6, 7, 8, 10, 11, 12."
A2,5,"Friends, Feelings & Support",Active Core,feel left out,planned,"6, 7, 8, 10, 11, 12."
A2,5,"Friends, Feelings & Support",Active Core,make peace,planned,"6, 7, 8, 10, 11, 12."
A2,5,"Friends, Feelings & Support",Topic Vocabulary,cancel a plan,planned,"6, 7, 8, 10, 11, 12."
A2,5,"Friends, Feelings & Support",Topic Vocabulary,change your mind,planned,"6, 7, 8, 10, 11, 12."
A2,5,"Friends, Feelings & Support",Topic Vocabulary,keep a promise,planned,"6, 7, 8, 10, 11, 12."
A2,5,"Friends, Feelings & Support",Topic Vocabulary,break a promise,planned,"6, 7, 8, 10, 11, 12."
A2,5,"Friends, Feelings & Support",Topic Vocabulary,give someone space,planned,"6, 7, 8, 10, 11, 12."
A2,5,"Friends, Feelings & Support",Topic Vocabulary,ask for help,planned,"6, 7, 8, 10, 11, 12."
A2,5,"Friends, Feelings & Support",Topic Vocabulary,offer help,planned,"6, 7, 8, 10, 11, 12."
A2,5,"Friends, Feelings & Support",Topic Vocabulary,share a problem,planned,"6, 7, 8, 10, 11, 12."
A2,5,"Friends, Feelings & Support",Topic Vocabulary,solve an argument,planned,"6, 7, 8, 10, 11, 12."
A2,5,"Friends, Feelings & Support",Topic Vocabulary,hurt someone's feelings,planned,"6, 7, 8, 10, 11, 12."
A2,5,"Friends, Feelings & Support",Topic Vocabulary,apologise for,planned,"6, 7, 8, 10, 11, 12."
A2,5,"Friends, Feelings & Support",Topic Vocabulary,forgive someone,planned,"6, 7, 8, 10, 11, 12."
A2,5,"Friends, Feelings & Support",Topic Vocabulary,worry about,planned,"6, 7, 8, 10, 11, 12."
A2,5,"Friends, Feelings & Support",Topic Vocabulary,depend on,planned,"6, 7, 8, 10, 11, 12."
A2,5,"Friends, Feelings & Support",Topic Vocabulary,invite someone along,planned,"6, 7, 8, 10, 11, 12."
A2,5,"Friends, Feelings & Support",Recognition,jealous,planned,"6, 7, 8, 10, 11, 12."
A2,5,"Friends, Feelings & Support",Recognition,sensitive,planned,"6, 7, 8, 10, 11, 12."
A2,5,"Friends, Feelings & Support",Recognition,private matter,planned,"6, 7, 8, 10, 11, 12."
A2,5,"Friends, Feelings & Support",Recognition,uncomfortable,planned,"6, 7, 8, 10, 11, 12."
A2,5,"Friends, Feelings & Support",Recognition,supportive,planned,"6, 7, 8, 10, 11, 12."
A2,6,Healthy Choices,Active Core,habit,planned,"7, 8, 9, 10, 12."
A2,6,Healthy Choices,Active Core,healthy,planned,"7, 8, 9, 10, 12."
A2,6,Healthy Choices,Active Core,unhealthy,planned,"7, 8, 9, 10, 12."
A2,6,Healthy Choices,Active Core,balanced,planned,"7, 8, 9, 10, 12."
A2,6,Healthy Choices,Active Core,avoid,planned,"7, 8, 9, 10, 12."
A2,6,Healthy Choices,Active Core,reduce,planned,"7, 8, 9, 10, 12."
A2,6,Healthy Choices,Active Core,increase,planned,"7, 8, 9, 10, 12."
A2,6,Healthy Choices,Active Core,enough sleep,planned,"7, 8, 9, 10, 12."
A2,6,Healthy Choices,Active Core,stay active,planned,"7, 8, 9, 10, 12."
A2,6,Healthy Choices,Active Core,exercise regularly,planned,"7, 8, 9, 10, 12."
A2,6,Healthy Choices,Active Core,diet,planned,"7, 8, 9, 10, 12."
A2,6,Healthy Choices,Active Core,meal plan,planned,"7, 8, 9, 10, 12."
A2,6,Healthy Choices,Active Core,portion,planned,"7, 8, 9, 10, 12."
A2,6,Healthy Choices,Active Core,check-up,planned,"7, 8, 9, 10, 12."
A2,6,Healthy Choices,Active Core,treatment,planned,"7, 8, 9, 10, 12."
A2,6,Healthy Choices,Active Core,recover,planned,"7, 8, 9, 10, 12."
A2,6,Healthy Choices,Active Core,feel better,planned,"7, 8, 9, 10, 12."
A2,6,Healthy Choices,Active Core,feel worse,planned,"7, 8, 9, 10, 12."
A2,6,Healthy Choices,Topic Vocabulary,sleep routine,planned,"7, 8, 9, 10, 12."
A2,6,Healthy Choices,Topic Vocabulary,screen time,planned,"7, 8, 9, 10, 12."
A2,6,Healthy Choices,Topic Vocabulary,packed lunch,planned,"7, 8, 9, 10, 12."
A2,6,Healthy Choices,Topic Vocabulary,food label,planned,"7, 8, 9, 10, 12."
A2,6,Healthy Choices,Topic Vocabulary,fresh food,planned,"7, 8, 9, 10, 12."
A2,6,Healthy Choices,Topic Vocabulary,sugary drink,planned,"7, 8, 9, 10, 12."
A2,6,Healthy Choices,Topic Vocabulary,dental care,planned,"7, 8, 9, 10, 12."
A2,6,Healthy Choices,Topic Vocabulary,dentist,planned,"7, 8, 9, 10, 12."
A2,6,Healthy Choices,Topic Vocabulary,toothache,planned,"7, 8, 9, 10, 12."
A2,6,Healthy Choices,Topic Vocabulary,swimming pool,planned,"7, 8, 9, 10, 12."
A2,6,Healthy Choices,Topic Vocabulary,warm-up,planned,"7, 8, 9, 10, 12."
A2,6,Healthy Choices,Topic Vocabulary,exercise class,planned,"7, 8, 9, 10, 12."
A2,6,Healthy Choices,Topic Vocabulary,health diary,planned,"7, 8, 9, 10, 12."
A2,6,Healthy Choices,Topic Vocabulary,daily step count,planned,"7, 8, 9, 10, 12."
A2,6,Healthy Choices,Topic Vocabulary,make an appointment,planned,"7, 8, 9, 10, 12."
A2,6,Healthy Choices,Topic Vocabulary,follow advice,planned,"7, 8, 9, 10, 12."
A2,6,Healthy Choices,Recognition,nutrition,planned,"7, 8, 9, 10, 12."
A2,6,Healthy Choices,Recognition,stress,planned,"7, 8, 9, 10, 12."
A2,6,Healthy Choices,Recognition,recovery,planned,"7, 8, 9, 10, 12."
A2,6,Healthy Choices,Recognition,energy level,planned,"7, 8, 9, 10, 12."
A2,6,Healthy Choices,Recognition,medical history,planned,"7, 8, 9, 10, 12."
A2,6,Healthy Choices,Recognition,allergic,planned,"7, 8, 9, 10, 12."
A2,7,"Services, Repairs & Complaints",Active Core,service,planned,"8, 9, 10, 11, 12."
A2,7,"Services, Repairs & Complaints",Active Core,repair,planned,"8, 9, 10, 11, 12."
A2,7,"Services, Repairs & Complaints",Active Core,damaged,planned,"8, 9, 10, 11, 12."
A2,7,"Services, Repairs & Complaints",Active Core,fault,planned,"8, 9, 10, 11, 12."
A2,7,"Services, Repairs & Complaints",Active Core,work properly,planned,"8, 9, 10, 11, 12."
A2,7,"Services, Repairs & Complaints",Active Core,complain,planned,"8, 9, 10, 11, 12."
A2,7,"Services, Repairs & Complaints",Active Core,complaint,planned,"8, 9, 10, 11, 12."
A2,7,"Services, Repairs & Complaints",Active Core,request,planned,"8, 9, 10, 11, 12."
A2,7,"Services, Repairs & Complaints",Active Core,refund,planned,"8, 9, 10, 11, 12."
A2,7,"Services, Repairs & Complaints",Active Core,guarantee,planned,"8, 9, 10, 11, 12."
A2,7,"Services, Repairs & Complaints",Active Core,warranty,planned,"8, 9, 10, 11, 12."
A2,7,"Services, Repairs & Complaints",Active Core,replace an item,planned,"8, 9, 10, 11, 12."
A2,7,"Services, Repairs & Complaints",Active Core,return an item,planned,"8, 9, 10, 11, 12."
A2,7,"Services, Repairs & Complaints",Active Core,repair cost,planned,"8, 9, 10, 11, 12."
A2,7,"Services, Repairs & Complaints",Active Core,service desk,planned,"8, 9, 10, 11, 12."
A2,7,"Services, Repairs & Complaints",Active Core,customer rights,planned,"8, 9, 10, 11, 12."
A2,7,"Services, Repairs & Complaints",Active Core,solve a problem,planned,"8, 9, 10, 11, 12."
A2,7,"Services, Repairs & Complaints",Active Core,polite complaint,planned,"8, 9, 10, 11, 12."
A2,7,"Services, Repairs & Complaints",Topic Vocabulary,receipt number,planned,"8, 9, 10, 11, 12."
A2,7,"Services, Repairs & Complaints",Topic Vocabulary,order number,planned,"8, 9, 10, 11, 12."
A2,7,"Services, Repairs & Complaints",Topic Vocabulary,model number,planned,"8, 9, 10, 11, 12."
A2,7,"Services, Repairs & Complaints",Topic Vocabulary,broken screen,planned,"8, 9, 10, 11, 12."
A2,7,"Services, Repairs & Complaints",Topic Vocabulary,water pressure,planned,"8, 9, 10, 11, 12."
A2,7,"Services, Repairs & Complaints",Topic Vocabulary,bicycle tyre,planned,"8, 9, 10, 11, 12."
A2,7,"Services, Repairs & Complaints",Topic Vocabulary,spare part,planned,"8, 9, 10, 11, 12."
A2,7,"Services, Repairs & Complaints",Topic Vocabulary,package delivery,planned,"8, 9, 10, 11, 12."
A2,7,"Services, Repairs & Complaints",Topic Vocabulary,wrong address,planned,"8, 9, 10, 11, 12."
A2,7,"Services, Repairs & Complaints",Topic Vocabulary,missing item,planned,"8, 9, 10, 11, 12."
A2,7,"Services, Repairs & Complaints",Topic Vocabulary,repair shop,planned,"8, 9, 10, 11, 12."
A2,7,"Services, Repairs & Complaints",Topic Vocabulary,service appointment,planned,"8, 9, 10, 11, 12."
A2,7,"Services, Repairs & Complaints",Topic Vocabulary,written complaint,planned,"8, 9, 10, 11, 12."
A2,7,"Services, Repairs & Complaints",Topic Vocabulary,contact form,planned,"8, 9, 10, 11, 12."
A2,7,"Services, Repairs & Complaints",Topic Vocabulary,proof of purchase,planned,"8, 9, 10, 11, 12."
A2,7,"Services, Repairs & Complaints",Topic Vocabulary,pay for a repair,planned,"8, 9, 10, 11, 12."
A2,7,"Services, Repairs & Complaints",Recognition,technician,planned,"8, 9, 10, 11, 12."
A2,7,"Services, Repairs & Complaints",Recognition,defect,planned,"8, 9, 10, 11, 12."
A2,7,"Services, Repairs & Complaints",Recognition,policy,planned,"8, 9, 10, 11, 12."
A2,7,"Services, Repairs & Complaints",Recognition,inspection,planned,"8, 9, 10, 11, 12."
A2,7,"Services, Repairs & Complaints",Recognition,labour charge,planned,"8, 9, 10, 11, 12."
A2,7,"Services, Repairs & Complaints",Recognition,manufacturer,planned,"8, 9, 10, 11, 12."
A2,8,Technology & Everyday Media,Active Core,account,planned,"9, 10, 11, 12."
A2,8,Technology & Everyday Media,Active Core,password,planned,"9, 10, 11, 12."
A2,8,Technology & Everyday Media,Active Core,username,planned,"9, 10, 11, 12."
A2,8,Technology & Everyday Media,Active Core,log in,planned,"9, 10, 11, 12."
A2,8,Technology & Everyday Media,Active Core,sign up,planned,"9, 10, 11, 12."
A2,8,Technology & Everyday Media,Active Core,upload,planned,"9, 10, 11, 12."
A2,8,Technology & Everyday Media,Active Core,update,planned,"9, 10, 11, 12."
A2,8,Technology & Everyday Media,Active Core,install,planned,"9, 10, 11, 12."
A2,8,Technology & Everyday Media,Active Core,app,planned,"9, 10, 11, 12."
A2,8,Technology & Everyday Media,Active Core,notification,planned,"9, 10, 11, 12."
A2,8,Technology & Everyday Media,Active Core,privacy,planned,"9, 10, 11, 12."
A2,8,Technology & Everyday Media,Active Core,public,planned,"9, 10, 11, 12."
A2,8,Technology & Everyday Media,Active Core,private,planned,"9, 10, 11, 12."
A2,8,Technology & Everyday Media,Active Core,share a post,planned,"9, 10, 11, 12."
A2,8,Technology & Everyday Media,Active Core,comment online,planned,"9, 10, 11, 12."
A2,8,Technology & Everyday Media,Active Core,link,planned,"9, 10, 11, 12."
A2,8,Technology & Everyday Media,Active Core,save a file,planned,"9, 10, 11, 12."
A2,8,Technology & Everyday Media,Active Core,online safety,planned,"9, 10, 11, 12."
A2,8,Technology & Everyday Media,Topic Vocabulary,group chat,planned,"9, 10, 11, 12."
A2,8,Technology & Everyday Media,Topic Vocabulary,profile picture,planned,"9, 10, 11, 12."
A2,8,Technology & Everyday Media,Topic Vocabulary,video call,planned,"9, 10, 11, 12."
A2,8,Technology & Everyday Media,Topic Vocabulary,voice message,planned,"9, 10, 11, 12."
A2,8,Technology & Everyday Media,Topic Vocabulary,file size,planned,"9, 10, 11, 12."
A2,8,Technology & Everyday Media,Topic Vocabulary,storage space,planned,"9, 10, 11, 12."
A2,8,Technology & Everyday Media,Topic Vocabulary,mobile data,planned,"9, 10, 11, 12."
A2,8,Technology & Everyday Media,Topic Vocabulary,wireless connection,planned,"9, 10, 11, 12."
A2,8,Technology & Everyday Media,Topic Vocabulary,software update,planned,"9, 10, 11, 12."
A2,8,Technology & Everyday Media,Topic Vocabulary,search result,planned,"9, 10, 11, 12."
A2,8,Technology & Everyday Media,Topic Vocabulary,news website,planned,"9, 10, 11, 12."
A2,8,Technology & Everyday Media,Topic Vocabulary,online review,planned,"9, 10, 11, 12."
A2,8,Technology & Everyday Media,Topic Vocabulary,block a contact,planned,"9, 10, 11, 12."
A2,8,Technology & Everyday Media,Topic Vocabulary,report a message,planned,"9, 10, 11, 12."
A2,8,Technology & Everyday Media,Topic Vocabulary,turn off notifications,planned,"9, 10, 11, 12."
A2,8,Technology & Everyday Media,Topic Vocabulary,reset a password,planned,"9, 10, 11, 12."
A2,8,Technology & Everyday Media,Recognition,algorithm,planned,"9, 10, 11, 12."
A2,8,Technology & Everyday Media,Recognition,advertisement,planned,"9, 10, 11, 12."
A2,8,Technology & Everyday Media,Recognition,personal data,planned,"9, 10, 11, 12."
A2,8,Technology & Everyday Media,Recognition,scam,planned,"9, 10, 11, 12."
A2,8,Technology & Everyday Media,Recognition,secure,planned,"9, 10, 11, 12."
A2,8,Technology & Everyday Media,Recognition,misleading,planned,"9, 10, 11, 12."
A2,9,"Nature, Weather & Local Environment",Active Core,environment,planned,"10, 11, 12."
A2,9,"Nature, Weather & Local Environment",Active Core,local area,planned,"10, 11, 12."
A2,9,"Nature, Weather & Local Environment",Active Core,pollution,planned,"10, 11, 12."
A2,9,"Nature, Weather & Local Environment",Active Core,waste,planned,"10, 11, 12."
A2,9,"Nature, Weather & Local Environment",Active Core,recycle rubbish,planned,"10, 11, 12."
A2,9,"Nature, Weather & Local Environment",Active Core,recycling,planned,"10, 11, 12."
A2,9,"Nature, Weather & Local Environment",Active Core,protect,planned,"10, 11, 12."
A2,9,"Nature, Weather & Local Environment",Active Core,damage,planned,"10, 11, 12."
A2,9,"Nature, Weather & Local Environment",Active Core,flood,planned,"10, 11, 12."
A2,9,"Nature, Weather & Local Environment",Active Core,water level,planned,"10, 11, 12."
A2,9,"Nature, Weather & Local Environment",Active Core,heatwave,planned,"10, 11, 12."
A2,9,"Nature, Weather & Local Environment",Active Core,clean-up,planned,"10, 11, 12."
A2,9,"Nature, Weather & Local Environment",Active Core,wildlife,planned,"10, 11, 12."
A2,9,"Nature, Weather & Local Environment",Active Core,weather warning,planned,"10, 11, 12."
A2,9,"Nature, Weather & Local Environment",Active Core,emergency plan,planned,"10, 11, 12."
A2,9,"Nature, Weather & Local Environment",Active Core,save water,planned,"10, 11, 12."
A2,9,"Nature, Weather & Local Environment",Active Core,reduce waste,planned,"10, 11, 12."
A2,9,"Nature, Weather & Local Environment",Active Core,pick up litter,planned,"10, 11, 12."
A2,9,"Nature, Weather & Local Environment",Topic Vocabulary,rubbish collection,planned,"10, 11, 12."
A2,9,"Nature, Weather & Local Environment",Topic Vocabulary,recycling bin,planned,"10, 11, 12."
A2,9,"Nature, Weather & Local Environment",Topic Vocabulary,plastic bottle,planned,"10, 11, 12."
A2,9,"Nature, Weather & Local Environment",Topic Vocabulary,public park,planned,"10, 11, 12."
A2,9,"Nature, Weather & Local Environment",Topic Vocabulary,river bank,planned,"10, 11, 12."
A2,9,"Nature, Weather & Local Environment",Topic Vocabulary,forest cabin,planned,"10, 11, 12."
A2,9,"Nature, Weather & Local Environment",Topic Vocabulary,campsite,planned,"10, 11, 12."
A2,9,"Nature, Weather & Local Environment",Topic Vocabulary,walking trail,planned,"10, 11, 12."
A2,9,"Nature, Weather & Local Environment",Topic Vocabulary,local wildlife,planned,"10, 11, 12."
A2,9,"Nature, Weather & Local Environment",Topic Vocabulary,heavy rainfall,planned,"10, 11, 12."
A2,9,"Nature, Weather & Local Environment",Topic Vocabulary,strong wind,planned,"10, 11, 12."
A2,9,"Nature, Weather & Local Environment",Topic Vocabulary,rising river,planned,"10, 11, 12."
A2,9,"Nature, Weather & Local Environment",Topic Vocabulary,dry ground,planned,"10, 11, 12."
A2,9,"Nature, Weather & Local Environment",Topic Vocabulary,water supply,planned,"10, 11, 12."
A2,9,"Nature, Weather & Local Environment",Topic Vocabulary,weather forecast,planned,"10, 11, 12."
A2,9,"Nature, Weather & Local Environment",Topic Vocabulary,emergency number,planned,"10, 11, 12."
A2,9,"Nature, Weather & Local Environment",Recognition,drought,planned,"10, 11, 12."
A2,9,"Nature, Weather & Local Environment",Recognition,climate,planned,"10, 11, 12."
A2,9,"Nature, Weather & Local Environment",Recognition,polluted,planned,"10, 11, 12."
A2,9,"Nature, Weather & Local Environment",Recognition,volunteer group,planned,"10, 11, 12."
A2,9,"Nature, Weather & Local Environment",Recognition,evacuation,planned,"10, 11, 12."
A2,9,"Nature, Weather & Local Environment",Recognition,environmental,planned,"10, 11, 12."
A2,10,"Money, Budget & Choices",Active Core,income,planned,"11, 12."
A2,10,"Money, Budget & Choices",Active Core,expense,planned,"11, 12."
A2,10,"Money, Budget & Choices",Active Core,afford,planned,"11, 12."
A2,10,"Money, Budget & Choices",Active Core,borrow,planned,"11, 12."
A2,10,"Money, Budget & Choices",Active Core,lend,planned,"11, 12."
A2,10,"Money, Budget & Choices",Active Core,owe,planned,"11, 12."
A2,10,"Money, Budget & Choices",Active Core,earn,planned,"11, 12."
A2,10,"Money, Budget & Choices",Active Core,salary,planned,"11, 12."
A2,10,"Money, Budget & Choices",Active Core,save up for,planned,"11, 12."
A2,10,"Money, Budget & Choices",Active Core,pay back,planned,"11, 12."
A2,10,"Money, Budget & Choices",Active Core,waste money,planned,"11, 12."
A2,10,"Money, Budget & Choices",Active Core,good value,planned,"11, 12."
A2,10,"Money, Budget & Choices",Active Core,special offer,planned,"11, 12."
A2,10,"Money, Budget & Choices",Active Core,second-hand,planned,"11, 12."
A2,10,"Money, Budget & Choices",Active Core,monthly budget,planned,"11, 12."
A2,10,"Money, Budget & Choices",Active Core,compare prices,planned,"11, 12."
A2,10,"Money, Budget & Choices",Active Core,make a choice,planned,"11, 12."
A2,10,"Money, Budget & Choices",Active Core,change your budget,planned,"11, 12."
A2,10,"Money, Budget & Choices",Topic Vocabulary,bank account,planned,"11, 12."
A2,10,"Money, Budget & Choices",Topic Vocabulary,savings account,planned,"11, 12."
A2,10,"Money, Budget & Choices",Topic Vocabulary,bank transfer,planned,"11, 12."
A2,10,"Money, Budget & Choices",Topic Vocabulary,card payment,planned,"11, 12."
A2,10,"Money, Budget & Choices",Topic Vocabulary,monthly payment,planned,"11, 12."
A2,10,"Money, Budget & Choices",Topic Vocabulary,weekly cost,planned,"11, 12."
A2,10,"Money, Budget & Choices",Topic Vocabulary,percentage discount,planned,"11, 12."
A2,10,"Money, Budget & Choices",Topic Vocabulary,delivery fee,planned,"11, 12."
A2,10,"Money, Budget & Choices",Topic Vocabulary,service charge,planned,"11, 12."
A2,10,"Money, Budget & Choices",Topic Vocabulary,rent payment,planned,"11, 12."
A2,10,"Money, Budget & Choices",Topic Vocabulary,utility bill,planned,"11, 12."
A2,10,"Money, Budget & Choices",Topic Vocabulary,shopping list,planned,"11, 12."
A2,10,"Money, Budget & Choices",Topic Vocabulary,spending diary,planned,"11, 12."
A2,10,"Money, Budget & Choices",Topic Vocabulary,price difference,planned,"11, 12."
A2,10,"Money, Budget & Choices",Topic Vocabulary,total cost,planned,"11, 12."
A2,10,"Money, Budget & Choices",Topic Vocabulary,unexpected expense,planned,"11, 12."
A2,10,"Money, Budget & Choices",Recognition,interest rate,planned,"11, 12."
A2,10,"Money, Budget & Choices",Recognition,subscription,planned,"11, 12."
A2,10,"Money, Budget & Choices",Recognition,financial,planned,"11, 12."
A2,10,"Money, Budget & Choices",Recognition,bargain,planned,"11, 12."
A2,10,"Money, Budget & Choices",Recognition,deposit,planned,"11, 12."
A2,10,"Money, Budget & Choices",Recognition,household income,planned,"11, 12."
A2,11,"Culture, Holidays & Community",Active Core,culture,planned,12 and later B1.
A2,11,"Culture, Holidays & Community",Active Core,custom,planned,12 and later B1.
A2,11,"Culture, Holidays & Community",Active Core,traditional,planned,12 and later B1.
A2,11,"Culture, Holidays & Community",Active Core,community,planned,12 and later B1.
A2,11,"Culture, Holidays & Community",Active Core,local people,planned,12 and later B1.
A2,11,"Culture, Holidays & Community",Active Core,foreign visitor,planned,12 and later B1.
A2,11,"Culture, Holidays & Community",Active Core,abroad,planned,12 and later B1.
A2,11,"Culture, Holidays & Community",Active Core,host a guest,planned,12 and later B1.
A2,11,"Culture, Holidays & Community",Active Core,take part in,planned,12 and later B1.
A2,11,"Culture, Holidays & Community",Active Core,join in,planned,12 and later B1.
A2,11,"Culture, Holidays & Community",Active Core,belong to,planned,12 and later B1.
A2,11,"Culture, Holidays & Community",Active Core,share a tradition,planned,12 and later B1.
A2,11,"Culture, Holidays & Community",Active Core,public event,planned,12 and later B1.
A2,11,"Culture, Holidays & Community",Active Core,cultural difference,planned,12 and later B1.
A2,11,"Culture, Holidays & Community",Active Core,feel welcome,planned,12 and later B1.
A2,11,"Culture, Holidays & Community",Active Core,learn about a culture,planned,12 and later B1.
A2,11,"Culture, Holidays & Community",Active Core,bring people together,planned,12 and later B1.
A2,11,"Culture, Holidays & Community",Active Core,community project,planned,12 and later B1.
A2,11,"Culture, Holidays & Community",Topic Vocabulary,neighbourhood festival,planned,12 and later B1.
A2,11,"Culture, Holidays & Community",Topic Vocabulary,national holiday,planned,12 and later B1.
A2,11,"Culture, Holidays & Community",Topic Vocabulary,traditional dish,planned,12 and later B1.
A2,11,"Culture, Holidays & Community",Topic Vocabulary,family recipe,planned,12 and later B1.
A2,11,"Culture, Holidays & Community",Topic Vocabulary,street market,planned,12 and later B1.
A2,11,"Culture, Holidays & Community",Topic Vocabulary,live performance,planned,12 and later B1.
A2,11,"Culture, Holidays & Community",Topic Vocabulary,folk music,planned,12 and later B1.
A2,11,"Culture, Holidays & Community",Topic Vocabulary,dance group,planned,12 and later B1.
A2,11,"Culture, Holidays & Community",Topic Vocabulary,traditional costume,planned,12 and later B1.
A2,11,"Culture, Holidays & Community",Topic Vocabulary,community hall,planned,12 and later B1.
A2,11,"Culture, Holidays & Community",Topic Vocabulary,local history,planned,12 and later B1.
A2,11,"Culture, Holidays & Community",Topic Vocabulary,public library,planned,12 and later B1.
A2,11,"Culture, Holidays & Community",Topic Vocabulary,food stall,planned,12 and later B1.
A2,11,"Culture, Holidays & Community",Topic Vocabulary,festival programme,planned,12 and later B1.
A2,11,"Culture, Holidays & Community",Topic Vocabulary,welcome speech,planned,12 and later B1.
A2,11,"Culture, Holidays & Community",Topic Vocabulary,cultural centre,planned,12 and later B1.
A2,11,"Culture, Holidays & Community",Recognition,ceremony,planned,12 and later B1.
A2,11,"Culture, Holidays & Community",Recognition,generation,planned,12 and later B1.
A2,11,"Culture, Holidays & Community",Recognition,heritage,planned,12 and later B1.
A2,11,"Culture, Holidays & Community",Recognition,identity,planned,12 and later B1.
A2,11,"Culture, Holidays & Community",Recognition,multicultural,planned,12 and later B1.
A2,11,"Culture, Holidays & Community",Recognition,regional,planned,12 and later B1.
