lemma,forms,pos,occurrences,book_count,first_chapter,chapters,ledger_chapters,target_chapters,status
name,name|named|names,NOUN|VERB,33,21,1,1|2|5|8|11|12|13|14|16|17|18|20,1,1,core
nameless,nameless,NOUN,1,1,16,16,,,unclassified
narrow,narrow,ADJ,1,1,7,7,,,unclassified
nature,nature,NOUN,1,1,9,9,,9,target_extra
near,near,ADP,31,27,1,1|2|3|4|5|6|7|8|9|10|11|14|16|17|18|19|20,,1,target_extra
nearby,nearby,ADJ|ADV,4,4,11,11|12|15,,,unclassified
neck,neck|necks,NOUN,2,2,11,11,11,,core
need,need|needed|needs,NOUN|VERB,33,26,3,3|4|5|6|7|8|10|11|14|16|17|18|19,,,unclassified
neighbour,neighbour|neighbours,NOUN,26,13,1,1|3|9|13|16|17|18|19|20,,1|3|16,target_extra
nephew,nephew,NOUN,1,1,9,9,,,unclassified
nervous,nervous,ADJ,7,6,1,1|15|16|20,15,15,core
never,never,ADV,3,3,6,6|15,6,6,core
new,new,ADJ|PROPN,49,30,1,1|3|5|7|9|10|12|13|15|16|17|18|19|20,1,1|16,core
newspaper,newspaper,NOUN,1,1,19,19,,,unclassified
next,next,ADJ|ADP|ADV,58,43,1,1|2|3|4|5|6|7|8|9|11|12|13|14|15|16|17|18|19|20,19,6|8|15|19,core
nice,nice,ADJ,2,2,1,1,,,unclassified
nick,nick,PROPN,6,2,6,6|20,,,unclassified
night,night|nights,NOUN,14,7,5,5|6|11|12|20,6,5,core
nina,nina,PROPN,12,3,3,3|4|12,,,unclassified
nine,nine,NUM|PROPN,22,17,2,2|4|5|6|10|12|13|14|16|18|19|20,,,unclassified
nineteen,nineteen,NUM,2,2,1,1,,,unclassified
ninety,ninety,NUM,1,1,7,7,,,unclassified
no,no,ADV|DET|INTJ,35,29,2,2|3|4|8|9|11|13|14|15|16|17|18|19|20,,,unclassified
noah,noah,NOUN|PROPN,9,2,2,2|9,,,unclassified
nobody,nobody,PRON,10,9,10,10|12|14|16|18|20,,,unclassified
noon,noon,NOUN,3,3,9,9|11|20,,,unclassified
nora,nora,PROPN,39,8,1,1|5|8|13|15|16|20,,,unclassified
normal,normal,ADJ,1,1,11,11,,,unclassified
north,north,NOUN|PROPN,6,4,5,5|8|14,8,8,core
nose,nose,NOUN,2,2,11,11,11,11,core
not,not,PART,140,77,1,1|2|3|4|5|6|7|8|9|10|11|12|13|14|15|16|17|18|19|20,,,unclassified
note,note|notes,NOUN,14,11,4,4|5|6|10|11|13|15|16,10,5,core
notebook,notebook,NOUN,6,4,5,5|13|19,5,5,core
nothing,nothing,PRON,1,1,14,14,,,unclassified
notice,notice|noticed|notices,NOUN|VERB,4,4,5,5|13|16|18,,18,target_extra
now,now,ADV,25,24,1,1|2|3|5|7|9|10|11|12|13|14|15|16|17|19|20,,,unclassified
number,number|numbers,NOUN,38,25,1,1|3|5|7|8|10|11|12|13|14|16|18|20,,1,target_extra
nurse,nurse|nurses,NOUN,8,6,1,1|5|6|11|19,5,5,core
oat,oats,NOUN,1,1,4,4,,,unclassified
oats,oats,NOUN|PROPN,3,1,4,4,,,unclassified
october,october,PROPN,1,1,9,9,,,unclassified
of,of,ADP|ADV,69,46,1,1|2|3|4|5|6|7|8|9|10|11|12|13|14|15|16|17|19|20,,,unclassified
off,off,ADP|ADV,13,9,6,6|7|8|9|11|12|14|16,8,8,core
offer,offer|offers,VERB,6,6,4,4|10|15|19|20,,,unclassified
office,office,NOUN|PROPN,11,9,5,5|6|7|11|14|20,5,,core
officer,officer,NOUN,1,1,8,8,,,unclassified
offline,offline,ADJ,4,4,14,14|20,14,14,core
often,often,ADV,5,5,2,2|5|6|9,6,6,core
oh,oh,INTJ,2,2,4,4|14,,,unclassified
okay,okay,ADJ,2,2,13,13|15,,,unclassified
old,old|older,ADJ,18,16,1,1|2|3|4|7|10|15|16|18|20,2,,core
olive,olive,PROPN,3,1,20,20,,,unclassified
oliver,oliver,PROPN,8,2,2,2|3,,,unclassified
omar,omar,PROPN,16,6,5,5|7|12|13|19|20,,,unclassified
on,on,ADP,166,77,1,1|2|3|4|5|6|7|8|9|10|11|12|13|14|15|16|17|18|19|20,7|8,7|8,core
once,once,ADV,8,8,6,6|7|15|16|17|20,,,unclassified
one,one,NOUN|NUM,112,62,1,1|2|3|4|5|6|7|8|9|10|11|12|13|14|15|16|17|18|19|20,,,unclassified
online,online,ADJ|ADV,6,6,1,1|13|14|19|20,14,14,core
only,only,ADJ|ADV,24,23,1,1|2|3|4|5|6|8|9|10|11|13|14|15|16|17|19,,,unclassified
onto,onto,ADP,3,3,9,9|18,,,unclassified
open,open|opened|opens,ADJ|VERB,31,25,2,2|3|4|5|7|9|10|11|12|14|16|17|18|19|20,,5|16|19,target_extra
opposite,opposite,ADJ|ADP,5,3,8,8|12,,8,target_extra
or,or,CCONJ,23,20,3,3|4|8|10|11|12|15|16|17|18|19|20,,,unclassified
orange,orange,ADJ,4,4,9,9|17,,,unclassified
order,order|ordered|orders,NOUN|VERB,6,3,4,4|5|10,,4,target_extra
ortiz,ortiz,PROPN,1,1,1,1,,,unclassified
other,other|others,ADJ|NOUN,18,17,1,1|3|4|7|11|13|14|16|18|20,,,unclassified
out,out,ADP,7,6,4,4|15|16|17|18,,17,target_extra
outside,outside,ADP|ADV,17,16,6,6|7|8|9|11|15|16|17|20,,,unclassified
oven,oven,NOUN,1,1,4,4,,,unclassified
over,over,ADP,2,2,2,2|9,,,unclassified
owen,owen,PROPN,3,1,10,10,,,unclassified
own,own|owning,ADJ|VERB,7,6,2,2|9|12|16|17|19,,19,target_extra
owner,owner,NOUN,5,4,10,10|17|20,17,10|17,core
pack,packs,VERB,2,2,5,5|20,,,unclassified
package,package,NOUN,1,1,16,16,,,unclassified
packet,packet,NOUN,2,2,4,4,,4,target_extra
page,page|pages,NOUN,3,3,5,5|19,,,unclassified
pain,pain,NOUN,8,5,11,11|20,11,11,core
paint,paint|paints,NOUN|VERB,5,3,13,13|20,13,13,core
pair,pair|pairs,NOUN,7,3,7,7|20,7,7,core
pan,pan,ADJ|NOUN,4,4,4,4|18|20,4,4,core
pancake,pancake|pancakes,NOUN,2,1,18,18,,,unclassified
paper,paper,NOUN,15,11,2,2|7|8|11|14|15|16|18,,,unclassified
parent,parents,NOUN,4,3,2,2|17,2,2,core
park,park,NOUN|PROPN,17,12,3,3|4|6|8|9|11|12|13|16|17|19,,,unclassified
part,part|parts,NOUN,3,3,17,17|19,,,unclassified
partner,partner|partners,NOUN,3,2,1,1|19,,,unclassified
party,party,NOUN|PROPN,10,5,7,7|14|16|18,16,16,core
pass,pass|passes,VERB,5,5,4,4|7|8|13,,,unclassified
passenger,passenger|passengers,NOUN,2,2,6,6|8,,6,target_extra
passport,passport,NOUN,4,3,12,12|19,12,,core
past,past,ADP,1,1,10,10,,,unclassified
pasta,pasta,NOUN,6,3,4,4|20,4,,core
path,path,NOUN,7,3,9,9|20,9,9,core
patient,patient,NOUN,2,1,11,11,11,11,core
paul,paul,PROPN,2,1,2,2,,,unclassified
paw,paw,PROPN,1,1,17,17,,,unclassified
pay,paid|pay|paying|pays,VERB,14,12,4,4|7|8|10|12|15|18|19,10,,core
payment,payments,NOUN,1,1,5,5,,,unclassified
pen,pen|pens,NOUN,5,4,5,5|20,5,5,core
pencil,pencil|pencils,NOUN,4,4,5,5|13|14,5,5,core
people,people,NOUN,17,12,2,2|3|4|5|13|16|19,,,unclassified
per,per,ADP,1,1,4,4,,,unclassified
percent,percent,NOUN,3,2,14,14|20,,,unclassified
perfect,perfect,ADJ,2,2,7,7|13,,,unclassified
perfectly,perfectly,ADV,1,1,7,7,,,unclassified
perhaps,perhaps,ADV,1,1,4,4,,,unclassified
person,person,NOUN,9,9,2,2|4|10|12|13|14|16,,,unclassified
pet,pet|pets,ADJ|NOUN,9,5,17,17|20,17,17,core
pharmacy,pharmacy,NOUN,1,1,11,11,,,unclassified
phone,phone|phones,NOUN,33,19,1,1|2|4|5|6|8|10|11|13|14|15|18|20,1|14,1,core
photo,photo,NOUN,5,3,2,2|10|17,,,unclassified
photograph,photograph|photographs,NOUN,14,8,2,2|9|12|17|19,,,unclassified
phrase,phrases,NOUN,1,1,19,19,,,unclassified
piano,piano,NOUN,1,1,3,3,,,unclassified
pick,pick,VERB,1,1,17,17,,,unclassified
picnic,picnic,ADJ|NOUN,4,2,4,4|9,,4,target_extra
picture,picture|pictures,NOUN,14,11,2,2|3|8|9|13|14|16|17|19,,13,target_extra
piece,piece|pieces,NOUN,13,11,2,2|4|13|15|16|17|19|20,,4,target_extra
pile,pile,NOUN,1,1,13,13,,,unclassified
pillow,pillow,NOUN,1,1,11,11,,,unclassified
pine,pine,PROPN,2,1,1,1,,,unclassified
pip,pip,PROPN,3,1,9,9,,,unclassified
place,place|places,NOUN|VERB,21,13,3,3|8|9|12|15|16|17|19,,16,target_extra
plan,plan|planned|planning|plans,NOUN|VERB,37,27,1,1|4|6|8|9|10|11|12|13|14|15|16|17|18|19|20,19,12,core
plane,plane,NOUN,4,3,12,12|19,12,,core
plant,plant|plants,NOUN,7,4,3,3|19,,3,target_extra
plate,plate|plates,NOUN,8,8,2,2|3|4|20,3,3,core
platform,platform,NOUN|PROPN,7,3,8,8|12,8,8|12,core
play,play|playing|plays,NOUN|VERB,15,10,3,3|9|13|14|16|20,,13,target_extra
player,player|players,NOUN,2,1,13,13,,13,target_extra
please,please,INTJ,15,13,1,1|2|3|4|14|15|16|18|20,,,unclassified
plug,plug|plugs,NOUN|VERB,2,2,14,14,,14,target_extra
plus,plus,CCONJ,3,1,10,10,,,unclassified
pocket,pocket|pockets,NOUN,9,6,2,2|4|8|10|12|18,,2,target_extra
point,point|pointed|points,NOUN|VERB,6,6,2,2|8|9|14|16|18,,,unclassified
police,police,NOUN,1,1,8,8,,,unclassified
polish,polish,PROPN,1,1,1,1,,,unclassified
pool,pool,NOUN,3,2,9,9|12,,,unclassified
popular,popular,ADJ,1,1,19,19,,,unclassified
possible,possible,ADJ,5,5,12,12|15|19|20,19,19,core
pot,pot,NOUN,3,3,4,4|16,4,4,core
potato,potatoes,NOUN,2,1,10,10,,,unclassified
power,power,NOUN,4,4,10,10|14|20,14,14,core
practice,practice,NOUN,2,2,8,8|19,,,unclassified
practise,practise,VERB,7,6,5,5|13|15|19|20,13,5|13|15,core
prefer,prefers,VERB,2,2,12,12|13,,,unclassified
prepare,prepare|prepares,VERB,6,5,6,6|7|16|17|20,,16,target_extra
present,present,ADJ|NOUN,5,3,2,2|16,16,2|16,core
presentation,presentation,NOUN,2,2,5,5|15,,,unclassified
press,press|pressed,VERB,3,2,14,14|18,,,unclassified
prevent,prevents,VERB,1,1,12,12,,,unclassified
previous,previous,ADJ,2,2,8,8|12,,8,target_extra
price,price|prices,NOUN,6,6,4,4|7|10|20,10,4|7,core
print,print,VERB,1,1,15,15,,,unclassified
priya,priya,PROPN,1,1,5,5,,,unclassified
problem,problem,NOUN,8,7,3,3|11|14|15|20,15,15,core
profession,profession|professions,NOUN,3,2,5,5|19,,5,target_extra
program,program,NOUN,1,1,14,14,,,unclassified
progress,progress,NOUN,1,1,20,20,,,unclassified
project,project,NOUN,5,3,5,5|20,5,5,core
promise,promises,NOUN,1,1,19,19,,,unclassified
protect,protect,VERB,1,1,17,17,,,unclassified
proud,proud,ADJ,2,2,15,15|16,15,15,core
push,push,VERB,2,1,18,18,,,unclassified
put,put|puts,VERB,55,42,1,1|2|3|4|5|6|7|8|9|10|11|12|13|14|15|16|17|18|19|20,,,unclassified
quality,quality,NOUN,1,1,10,10,,10,target_extra
question,question|questions,NOUN,2,2,5,5|15,,5,target_extra
quick,quick,ADJ,1,1,15,15,,,unclassified
quickly,quickly,ADV,8,6,4,4|6|14|15|18|20,,18,target_extra
quiet,quiet,ADJ,17,14,2,2|6|9|13|15|17|19|20,2,9|13|17,core
quietly,quietly,ADV,1,1,3,3,,,unclassified
r,r,NOUN,1,1,1,1,,,unclassified
rabbit,rabbit|rabbits,NOUN,7,3,17,17|20,17,17,core
race,race,NOUN|VERB,5,1,11,11,,,unclassified
rain,rain,NOUN,13,9,9,9|12|16|17|18|20,9,9,core
rainy,rainy,ADJ,1,1,9,9,,,unclassified
rarely,rarely,ADV,3,3,6,6|13,6,6,core
reach,reach|reached|reaches,VERB,5,5,4,4|10|18|19,,19,target_extra
read,read|reads,VERB,13,11,1,1|4|5|6|8|11|15|16|19|20,,,unclassified
reading,reading,NOUN,1,1,10,10,,,unclassified
ready,ready,ADJ,10,10,2,2|4|6|8|11|12|14|17|20,,6|12,target_extra
real,real,ADJ,1,1,1,1,,,unclassified
really,really,ADV,4,4,1,1|4|10|12,,,unclassified
reason,reason|reasons,NOUN,2,2,15,15|16,,15,target_extra
receipt,receipt,NOUN,10,6,7,7|10|18|20,10,7|10|18,core
receive,receives,VERB,3,3,14,14|15,14,14,core
reception,reception,NOUN,3,3,12,12|19,12,12,core
receptionist,receptionist,NOUN,4,3,12,12|18,,,unclassified
record,record,VERB,1,1,11,11,,,unclassified
red,red,ADJ,17,12,2,2|5|7|8|9|11|12|13|14|18,,,unclassified
reed,reed,PROPN,1,1,12,12,,,unclassified
refuse,refuse,VERB,2,2,16,16,16,,core
remember,remember|remembered|remembers,VERB,11,8,2,2|3|12|15|16|18|20,,2|12|18,target_extra
remove,remove|removes,VERB,3,3,2,2|10|12,,,unclassified
repaired,repaired,ADJ,1,1,15,15,,,unclassified
repeat,repeat|repeats,VERB,3,3,1,1|8|18,,1,target_extra
replace,replace|replaced,VERB,2,1,18,18,,18,target_extra
reply,replies|reply,NOUN|VERB,7,6,4,4|14|15|16|20,,14,target_extra
report,report,NOUN,1,1,7,7,,,unclassified
rescue,rescue,NOUN,3,3,18,18|20,18,18,core
rest,rest|resting|rests,NOUN|VERB,12,11,1,1|4|6|7|9|11|17|19|20,,6|9|11,target_extra
restart,restart,VERB,1,1,14,14,,,unclassified
restaurant,restaurant|restaurants,NOUN,6,3,5,5|8|12,,,unclassified
return,return|returned|returns,NOUN|VERB,15,13,4,4|5|7|8|9|10|12|14|18|20,,5|7|8|10|18,target_extra
rice,rice,NOUN,4,3,4,4|16,4,,core
ride,ride,NOUN,1,1,3,3,,,unclassified
right,right,ADJ|NOUN,14,11,1,1|2|3|7|8|12|14|18,,1|3,target_extra
ring,ring|rings|rung,NOUN|VERB,6,4,4,4|6|18|20,,18,target_extra
rise,rises,VERB,1,1,9,9,,,unclassified
river,river,NOUN|PROPN,11,6,8,8|9|18,9,9,core
road,road,NOUN|PROPN,12,7,8,8|9|12|18|20,8,18,core
roll,rolls,NOUN,1,1,5,5,,,unclassified
rome,rome,PROPN,1,1,12,12,,,unclassified
roof,roof,NOUN,1,1,9,9,,,unclassified
room,room|rooms,NOUN|PROPN,39,23,1,1|2|3|5|6|7|11|12|13|16|17|20,1|3,1|3|7|12,core
roommate,roommate,NOUN,1,1,15,15,,,unclassified
rosa,rosa,PROPN,37,11,2,2|4|5|10|11|14|15|18|19|20,,,unclassified
route,route,NOUN|PROPN,12,5,6,6|8|12,8,6|8|12,core
router,router,NOUN,1,1,14,14,,,unclassified
row,row,PROPN,1,1,13,13,,,unclassified
rubbish,rubbish,ADJ,1,1,9,9,,,unclassified
ruin,ruin,VERB,1,1,9,9,,,unclassified
ruler,ruler,NOUN,4,3,5,5|20,5,5,core
run,run|running|runs,NOUN|VERB,10,6,9,9|11|17|20,,,unclassified
runner,runners,NOUN,1,1,11,11,,,unclassified
running,running,NOUN,1,1,11,11,,,unclassified
